{
    "size_ratio": 1.5,
    "clusters": [
        {
            "center": {
                "ra": 34.42354204165303,
                "dec": 57.11303830475108
            },
            "sigma": 0.10341505609486161,
            "tau": 0.13278727512347838
        },
        {
            "center": {
                "ra": 35.759370749850305,
                "dec": 57.163182066471556
            },
            "sigma": 0.09802933194758132,
            "tau": 0.14012775062988608
        }
    ]
}